0,path423
1,path1055
2,path1055-3
3,path1055-6
4,path1055-7
5,path1055-5
6,path1055-35
7,path1055-62
8,path1055-9
9,path1055-1
10,path1055-2
11,path1055-3-7
12,path1055-3-0
13,path1055-3-9
14,path1055-3-3
15,path1055-3-6
16,path1055-3-06
17,path1055-3-2
18,path1055-3-61
19,path1055-3-8
20,path1055-3-79
21,path1055-3-20
22,path1055-3-23
23,path1055-3-75
24,path1055-3-92
25,path1055-3-28
26,path1055-3-97
27,path1055-3-36
28,path1055-3-1
29,path1055-3-29
30,path1055-3-31
31,path1055-3-94
32,path1055-3-78
33,path1055-3-4
34,path1055-3-5
35,path1055-3-03
36,path1055-3-610
37,path1055-3-63
38,path1055-3-206
39,path1055-3-15
40,path1055-3-54
41,path1055-3-76
42,path1055-3-56
43,path1055-3-93
44,path1055-3-74
